epoch,training_loss
0,0.9990392564316751
1,0.9975650739345167
2,0.999999981629925
3,0.00039993494074741384
4,3.4575244446037143e-06
5,0.6629370074706
6,0.9999906602429985
7,0.9999984191414476
8,0.9999992121740578
9,0.9999994039535522
