epoch,training_loss
0,2.534565295067695
1,0.3613827326229002
