epoch,training_loss
32,0.24252007901668549
64,0.24131564795970917
96,0.1635597050189972
128,0.18780198693275452
160,0.01806778460741043
192,0.6234813332557678
224,0.9540547728538513
256,0.545089066028595
288,0.9992820024490356
320,0.9997162818908691
352,0.0
384,0.0
416,0.0
448,0.0
480,0.0
512,0.0
544,0.0
576,0.0
608,0.0
640,0.0
672,0.0
704,0.0
736,0.0
768,0.0
800,0.9999997019767761
832,1.0
864,1.0
896,1.0
928,1.0
960,1.0
992,1.0
1024,1.0
